id,user_id,bet_outcome_id,game_id,wager,is_cash_wager,winnings,created_at,settled_at
1,1,1,1,50.00,TRUE,75.00,2020-01-01,2020-01-02
100,24,1,3,150.00,TRUE,300.00,2020-03-24,2020-03-25
5,4,1,4,40.00,TRUE,88.00,2020-02-04,2020-02-06
8,6,2,4,80.00,TRUE,0.00,2020-02-07,2020-02-09
11,9,1,7,110.00,TRUE,231.00,2020-02-10,2020-02-12
14,12,3,1,140.00,TRUE,140.00,2020-02-13,2020-02-15
122,41,1,2,75.00,FALSE,150.00,2020-02-12,2020-02-14
3,2,1,2,20.00,TRUE,50.00,2020-01-07,2020-01-07
96,26,1,7,70.00,TRUE,133.00,2020-04-26,2020-04-27
124,42,1,3,50.00,TRUE,90.00,2020-05-10,2020-05-11
125,55,NULL,6,25.00,TRUE,NULL,2020-05-12,NULL
126,70,2,8,200.00,FALSE,0.00,2020-05-13,2020-05-14
127,12,NULL,2,40.00,TRUE,NULL,2020-05-15,NULL
128,5,1,3,30.00,TRUE,-15.00,2020-05-16,2020-05-17
129,7,1,1,50.00,TRUE,90.00,2020-05-20,2020-05-18
130,999,NULL,2,20.00,TRUE,NULL,2020-05-21,NULL
131,8,NULL,15,10.00,TRUE,NULL,2020-05-22,NULL
